[
  {
    "id": 1,
    "name": "אייל",
    "r": 7,
    "pos": "FW",
    "selected": true,
    "prefer": [],
    "avoid": []
  },
  {
    "id": 2,
    "name": "דני",
    "r": 6,
    "pos": "MF",
    "selected": true,
    "prefer": [],
    "avoid": []
  },
  {
    "id": 3,
    "name": "יוסי",
    "r": 5,
    "pos": "DF",
    "selected": true,
    "prefer": [],
    "avoid": []
  },
  {
    "id": 4,
    "name": "אורי",
    "r": 8,
    "pos": "FW",
    "selected": true,
    "prefer": [],
    "avoid": []
  },
  {
    "id": 5,
    "name": "נועם",
    "r": 4,
    "pos": "MF",
    "selected": true,
    "prefer": [],
    "avoid": []
  },
  {
    "id": 6,
    "name": "תומר",
    "r": 6,
    "pos": "DF",
    "selected": true,
    "prefer": [],
    "avoid": []
  },
  {
    "id": 7,
    "name": "רן",
    "r": 5,
    "pos": "GK",
    "selected": true,
    "prefer": [],
    "avoid": []
  },
  {
    "id": 8,
    "name": "אלי",
    "r": 7,
    "pos": "MF",
    "selected": true,
    "prefer": [],
    "avoid": []
  }
]